LOJA;DATA;COMPLEMENTO;SKU;QTDEMOVIMENTADA;VALOR
343;05/06/2025;1304180;999999992654629;1;"469,99"
343;05/06/2025;1304180;999999992658494;1;"149,99"
343;05/06/2025;1304180;999999992637461;1;"549,99"
343;05/06/2025;1304180;999999992660647;1;"499,99"
343;05/06/2025;1304180;999999992660646;1;"499,99"
343;05/06/2025;1304180;999999992586418;1;"349,99"
343;05/06/2025;1304180;999999992641018;1;"199,99"
343;05/06/2025;1304180;999999992638915;1;"399,99"
343;05/06/2025;1304180;999999992638918;1;"399,99"
343;05/06/2025;1304180;999999992638917;1;"399,99"
343;05/06/2025;1304180;999999992638916;2;"399,99"
343;05/06/2025;1304180;999999992573914;1;"299,99"
343;05/06/2025;1304180;999999992666578;1;"699,99"
343;05/06/2025;1304180;999999992531610;3;"499,99"
343;05/06/2025;1304180;999999992586420;2;"349,99"
343;05/06/2025;1304180;999999992589682;1;"359,99"
343;05/06/2025;1304180;999999992657412;1;"599,99"
343;05/06/2025;1304180;999999992657413;1;"599,99"
343;05/06/2025;1304180;999999992660648;3;"499,99"
343;05/06/2025;1304180;999999992660649;2;"499,99"
343;05/06/2025;1304180;999999992666580;1;"699,99"
001;02/06/2025;1302838;999999992668503;1;"149,99"
003;03/06/2025;1303139;999999992526391;1;"289,99"
003;03/06/2025;1303138;999999992620281;1;"169,99"
215;03/06/2025;1303198;999999992118058;1;"49,99"
349;06/06/2025;1305002;999999992528505;1;"599,99"
349;06/06/2025;1305002;999999992497124;1;"99,99"
127;04/06/2025;1303840;999999992532298;1;"254,99"
127;04/06/2025;1303840;999999992610265;1;"209,99"
306;04/06/2025;1303842;999999992327887;1;"29,99"
001;02/06/2025;1302848;999999992462992;1;"39,99"
001;02/06/2025;1302848;999999992463729;1;"79,99"
022;06/06/2025;1304993;999999992640573;1;"1799,99"
022;06/06/2025;1304993;999999992629931;1;"1799,99"
124;05/06/2025;1304368;999999992154497;1;"239,99"
124;05/06/2025;1304368;999999992613566;1;"249,99"
124;05/06/2025;1304368;999999992640749;1;"129,99"
343;05/06/2025;1304234;999999992637441;2;"399,99"
343;05/06/2025;1304234;999999992637439;4;"399,99"
343;05/06/2025;1304234;999999992531776;1;"399,99"
343;05/06/2025;1304234;999999992638685;1;"299,99"
349;05/06/2025;1304554;999999992637566;1;"219,99"
349;05/06/2025;1304554;999999992638391;1;"129,99"
349;05/06/2025;1304554;999999992641307;1;"139,99"
349;05/06/2025;1304581;999999992433338;1;"129,99"
349;06/06/2025;1304997;999999992539810;1;"199,99"
349;06/06/2025;1304997;999999992516159;1;"149,99"
053;05/06/2025;1304630;999999992549463;1;"339,99"
053;05/06/2025;1304630;999999992622849;1;"69,99"
349;06/06/2025;1305007;999999992573043;1;"189,99"
349;06/06/2025;1305007;999999992572135;1;"319,99"
367;06/06/2025;1304853;999999992533206;1;"179,99"
367;06/06/2025;1304853;999999992433960;1;"149,99"
367;06/06/2025;1304853;999999992532244;1;"179,99"
367;06/06/2025;1304853;999999992346472;1;"199,99"
367;06/06/2025;1304853;999999992524811;1;"169,99"
367;06/06/2025;1304853;999999992438272;1;"119,99"
367;06/06/2025;1304853;999999992628752;2;"89,99"
367;06/06/2025;1304853;999999992648724;1;"99,99"
367;06/06/2025;1304853;999999992574050;1;"169,99"
367;06/06/2025;1304853;999999992580733;1;"349,99"
367;06/06/2025;1304853;999999992524959;1;"149,99"
367;06/06/2025;1304853;999999992599700;1;"269,99"
367;06/06/2025;1304853;999999992624333;1;"199,99"
367;06/06/2025;1304853;999999992624335;1;"199,99"
367;06/06/2025;1304853;999999992621255;1;"179,99"
367;06/06/2025;1304853;999999991919971;1;"229,99"
367;06/06/2025;1304853;999999992230067;1;"149,99"
367;06/06/2025;1304853;999999992363035;1;"129,99"
367;06/06/2025;1304853;999999992467366;1;"179,99"
367;06/06/2025;1304853;999999992580738;1;"339,99"
367;06/06/2025;1304853;999999992606587;1;"279,99"
349;06/06/2025;1305006;999999992620663;1;"349,99"
349;06/06/2025;1305005;999999992511081;1;"79,99"
349;06/06/2025;1305005;999999992492736;1;"149,99"
004;02/06/2025;1302953;999999992643127;1;"129,99"
224;04/06/2025;1303511;999999992177953;1;"29,99"
224;04/06/2025;1303511;999999992237847;1;"29,99"
224;04/06/2025;1303511;999999992242557;1;"7,99"
224;04/06/2025;1303511;999999992200169;1;"26,99"
224;04/06/2025;1303511;999999992275408;1;"29,99"
224;04/06/2025;1303511;999999992288829;1;"7,99"
224;04/06/2025;1303511;999999992328840;1;"12,99"
224;04/06/2025;1303511;999999992187283;1;"22,99"
224;04/06/2025;1303511;999999992288830;1;"7,99"
124;04/06/2025;1303557;999999992524145;1;"199,99"
124;04/06/2025;1303557;999999992561702;1;"159,99"
124;04/06/2025;1303557;999999992561703;1;"159,99"
124;04/06/2025;1303557;999999992513072;1;"89,99"
343;05/06/2025;1304186;999999992630423;1;"99,99"
343;05/06/2025;1304186;999999992574162;1;"99,99"
343;05/06/2025;1304186;999999992651751;1;"119,99"
343;05/06/2025;1304186;999999992651752;1;"119,99"
343;05/06/2025;1304186;999999992651753;1;"129,99"
343;05/06/2025;1304186;999999992651754;1;"129,99"
343;05/06/2025;1304191;999999992527235;1;"99,99"
343;05/06/2025;1304191;999999992533110;1;"299,99"
343;05/06/2025;1304191;999999992594785;1;"169,99"
343;05/06/2025;1304181;999999992069055;1;"199,99"
343;05/06/2025;1304181;999999992637187;1;"399,99"
367;06/06/2025;1304863;999999992633386;1;"299,99"
367;06/06/2025;1304863;999999992581675;1;"249,99"
367;06/06/2025;1304863;999999992532655;2;"199,99"
367;06/06/2025;1304863;999999992629959;1;"129,99"
367;06/06/2025;1304863;999999992621268;2;"229,99"
367;06/06/2025;1304863;999999992504145;1;"219,99"
367;06/06/2025;1304863;999999992527623;1;"149,99"
367;06/06/2025;1304863;999999992533053;1;"199,99"
367;06/06/2025;1304863;999999992573966;1;"149,99"
367;06/06/2025;1304863;999999992621608;1;"149,99"
367;06/06/2025;1304863;999999992648728;1;"149,99"
367;06/06/2025;1304863;999999992648729;1;"149,99"
343;05/06/2025;1304181;999999992637188;2;"399,99"
343;05/06/2025;1304181;999999992663550;1;"219,99"
343;05/06/2025;1304181;999999992637504;1;"219,99"
343;05/06/2025;1304181;999999992615519;1;"149,99"
343;05/06/2025;1304181;999999992586438;1;"129,99"
343;05/06/2025;1304181;999999992663551;1;"219,99"
343;05/06/2025;1304169;999999992636727;1;"89,99"
343;05/06/2025;1304169;999999992665115;1;
343;05/06/2025;1304169;999999992346471;1;"199,99"
343;05/06/2025;1304169;999999992638564;1;"249,99"
343;05/06/2025;1304169;999999992662957;1;"199,99"
343;05/06/2025;1304169;999999992640691;1;"219,99"
343;05/06/2025;1304169;999999992637323;1;"189,99"
343;05/06/2025;1304169;999999992606666;3;"229,99"
343;05/06/2025;1304169;999999992621259;1;"179,99"
343;05/06/2025;1304169;999999992606668;4;"229,99"
343;05/06/2025;1304169;999999992043535;3;"149,99"
343;05/06/2025;1304169;999999992490472;1;"79,99"
343;05/06/2025;1304169;999999992524955;1;"149,99"
343;05/06/2025;1304169;999999992524961;1;"149,99"
343;05/06/2025;1304169;999999992524991;2;"199,99"
343;05/06/2025;1304169;999999992526897;1;"99,99"
343;05/06/2025;1304169;999999992528020;1;"229,99"
343;05/06/2025;1304169;999999992528022;2;"229,99"
343;05/06/2025;1304169;999999992532244;2;"179,99"
343;05/06/2025;1304169;999999992601689;3;"149,99"
343;05/06/2025;1304169;999999992601690;3;"149,99"
343;05/06/2025;1304169;999999992601697;1;"159,99"
343;05/06/2025;1304169;999999992621317;1;"149,99"
343;05/06/2025;1304169;999999992621318;1;"149,99"
343;05/06/2025;1304169;999999992624334;1;"199,99"
343;05/06/2025;1304169;999999992629077;1;"219,99"
343;05/06/2025;1304169;999999992629885;2;"179,99"
343;05/06/2025;1304169;999999992629886;1;"179,99"
343;05/06/2025;1304169;999999992630371;1;"259,99"
343;05/06/2025;1304169;999999992630373;1;"259,99"
343;05/06/2025;1304169;999999992635914;1;"149,99"
343;05/06/2025;1304169;999999992635916;2;"149,99"
343;05/06/2025;1304169;999999992636726;1;"89,99"
343;05/06/2025;1304169;999999992638401;1;"149,99"
343;05/06/2025;1304169;999999992638413;1;"149,99"
343;05/06/2025;1304169;999999992638539;1;"179,99"
343;05/06/2025;1304169;999999992638567;1;"249,99"
343;05/06/2025;1304169;999999992638568;4;"249,99"
343;05/06/2025;1304169;999999992638569;1;"249,99"
343;05/06/2025;1304169;999999992638570;2;"249,99"
343;05/06/2025;1304169;999999992638696;2;"179,99"
343;05/06/2025;1304169;999999992638697;1;"179,99"
343;05/06/2025;1304169;999999992638698;1;"179,99"
367;05/06/2025;1304516;999999992561213;1;"379,99"
124;04/06/2025;1303551;999999992523994;1;"69,99"
068;04/06/2025;1304021;999999992284772;1;"49,99"
124;05/06/2025;1304373;999999992574480;1;"39,99"
124;05/06/2025;1304373;999999991893069;1;"39,99"
124;05/06/2025;1304373;999999991801934;1;"39,99"
124;05/06/2025;1304373;999999991801935;1;"39,99"
124;05/06/2025;1304373;999999992522127;1;"16,99"
124;05/06/2025;1304373;999999992522126;2;"16,99"
124;05/06/2025;1304373;999999991899386;1;"9,99"
124;05/06/2025;1304373;999999992320461;1;"9,99"
124;05/06/2025;1304373;999999992346821;1;"149,99"
124;05/06/2025;1304373;999999992363463;1;"29,99"
124;05/06/2025;1304373;999999991419423;1;"39,99"
124;05/06/2025;1304373;999999992320370;1;"14,99"
367;06/06/2025;1304862;999999992531608;1;"499,99"
367;06/06/2025;1304862;999999992532728;1;"299,99"
367;06/06/2025;1304857;999999992637401;1;"369,99"
367;06/06/2025;1304857;999999992532197;1;"299,99"
421;06/06/2025;1304892;999999992481624;1;"39,99"
367;06/06/2025;1304854;999999992661393;1;"89,99"
367;06/06/2025;1304854;999999992637523;1;"119,99"
367;06/06/2025;1304856;999999992465333;2;"59,99"
367;06/06/2025;1304870;999999992661476;1;"129,99"
367;06/06/2025;1304874;999999992664034;1;"249,99"
127;05/06/2025;1304338;999999992589004;1;"229,99"
127;05/06/2025;1304338;999999992317957;1;"399,99"
127;05/06/2025;1304338;999999992481783;1;"299,99"
127;05/06/2025;1304338;999999992537431;1;"399,99"
127;05/06/2025;1304338;999999992547153;1;"219,99"
124;05/06/2025;1304725;999999990205230;1;50
124;05/06/2025;1304725;999999990299187;1;100
124;05/06/2025;1304725;999999990299981;1;100
124;05/06/2025;1304725;999999990836443;1;50
349;05/06/2025;1304551;999999992638411;1;"129,99"
349;05/06/2025;1304551;999999992637103;1;"149,99"
349;05/06/2025;1304551;999999992652607;1;"179,99"
349;05/06/2025;1304550;999999992526862;1;"199,99"
349;05/06/2025;1304550;999999992638569;1;"249,99"
349;05/06/2025;1304550;999999992533174;1;"199,99"
349;05/06/2025;1304550;999999992424905;1;"149,99"
349;05/06/2025;1304550;999999992341349;1;"179,99"
349;05/06/2025;1304550;999999992433960;1;"149,99"
349;05/06/2025;1304550;999999992465047;1;"129,99"
349;05/06/2025;1304550;999999992526863;1;"199,99"
349;05/06/2025;1304550;999999992533171;1;"199,99"
349;05/06/2025;1304550;999999992624332;2;"199,99"
211;02/06/2025;1302937;999999992595463;1;"179,99"
001;02/06/2025;1302847;999999992459425;1;"9,99"
001;02/06/2025;1302847;999999992466165;1;"59,99"
001;02/06/2025;1302847;999999992613889;1;"109,99"
001;02/06/2025;1302847;999999992641940;1;0
343;05/06/2025;1304170;999999992653620;1;"149,99"
343;05/06/2025;1304170;999999992624283;1;"149,99"
343;05/06/2025;1304170;999999992104946;1;"129,99"
343;05/06/2025;1304170;999999992486024;1;"129,99"
343;05/06/2025;1304170;999999992519029;1;"199,99"
343;05/06/2025;1304170;999999992574128;1;"129,99"
343;05/06/2025;1304170;999999992653637;2;"179,99"
343;05/06/2025;1304170;999999992659913;1;"89,99"
124;04/06/2025;1303568;999999992524859;1;"219,99"
124;04/06/2025;1303555;999999992524133;1;"149,99"
124;04/06/2025;1303554;999999992513078;1;"139,99"
367;06/06/2025;1304513;999999992579134;1;"479,99"
367;06/06/2025;1304513;999999992260096;1;"499,99"
367;06/06/2025;1304513;999999992421139;1;"49,99"
367;06/06/2025;1304513;999999992421150;1;"49,99"
367;06/06/2025;1304513;999999992436033;1;
367;06/06/2025;1304513;999999992448784;1;"299,99"
367;06/06/2025;1304513;999999992464333;1;"399,99"
367;06/06/2025;1304513;999999992573013;1;"219,99"
367;06/06/2025;1304513;999999992623913;1;"499,99"
421;06/06/2025;1305216;999999992645033;1;
421;06/06/2025;1305216;999999992652858;1;"159,99"
421;06/06/2025;1305217;999999992447109;1;"59,99"
421;06/06/2025;1305217;999999992642310;1;"89,99"
349;05/06/2025;1304558;999999992654157;1;"129,99"
349;05/06/2025;1304558;999999992654161;1;"129,99"
349;05/06/2025;1304558;999999992630729;1;"109,99"
349;05/06/2025;1304558;999999992637483;1;"119,99"
349;05/06/2025;1304558;999999992346735;1;"129,99"
349;05/06/2025;1304558;999999992346736;1;"129,99"
349;05/06/2025;1304558;999999992531896;1;"149,99"
349;05/06/2025;1304558;999999992573867;1;"89,99"
349;05/06/2025;1304558;999999992580649;1;"189,99"
349;05/06/2025;1304558;999999992599625;1;"179,99"
349;05/06/2025;1304558;999999992636708;1;"69,99"
349;05/06/2025;1304558;999999992637220;1;"149,99"
349;05/06/2025;1304558;999999992653838;1;"109,99"
349;05/06/2025;1304558;999999992654158;1;"129,99"
124;05/06/2025;1304371;999999992504064;1;"49,99"
124;05/06/2025;1304371;999999992551883;1;"129,99"
215;03/06/2025;1303196;999999992377661;1;"39,99"
215;03/06/2025;1303196;999999992118053;1;"39,99"
215;03/06/2025;1303196;999999992159019;1;"26,99"
215;03/06/2025;1303196;999999992159021;1;"9,99"
215;03/06/2025;1303196;999999992634633;1;"149,99"
215;03/06/2025;1303196;999999992263959;1;"19,99"
215;03/06/2025;1303196;999999992557900;1;"149,99"
215;03/06/2025;1303196;999999992236374;1;"26,99"
215;03/06/2025;1303196;999999992151940;1;"29,99"
215;03/06/2025;1303196;999999992288829;1;"7,99"
215;03/06/2025;1303196;999999992117851;1;"34,99"
215;03/06/2025;1303196;999999992445643;1;"9,99"
215;03/06/2025;1303196;999999992498182;1;"24,99"
343;05/06/2025;1304187;999999992612408;1;"149,99"
343;05/06/2025;1304187;999999992532213;1;"229,99"
343;05/06/2025;1304187;999999992621249;1;"149,99"
343;05/06/2025;1304187;999999992526815;1;"129,99"
343;05/06/2025;1304187;999999992621399;1;"149,99"
343;05/06/2025;1304187;999999992526813;1;"129,99"
343;05/06/2025;1304187;999999992533033;1;"199,99"
343;05/06/2025;1304187;999999992621250;1;"149,99"
343;05/06/2025;1304187;999999992633422;1;"229,99"
343;05/06/2025;1304172;999999992665722;1;"299,99"
343;05/06/2025;1304172;999999992661396;1;"339,99"
343;05/06/2025;1304172;999999992668110;1;"139,99"
343;05/06/2025;1304172;999999992353925;1;"299,99"
343;05/06/2025;1304172;999999992647665;1;"199,99"
343;05/06/2025;1304172;999999992651743;1;"299,99"
343;05/06/2025;1304172;999999992654627;1;"349,99"
349;05/06/2025;1304549;999999992657455;1;"599,99"
349;05/06/2025;1304557;999999992638560;1;"399,99"
349;05/06/2025;1304557;999999992532473;2;"279,99"
349;05/06/2025;1304557;999999992532474;2;"279,99"
349;05/06/2025;1304557;999999992532475;1;"279,99"
349;05/06/2025;1304557;999999992532928;1;"329,99"
349;05/06/2025;1304557;999999992656615;1;"99,99"
349;05/06/2025;1304575;999999992652712;1;"139,99"
349;05/06/2025;1304575;999999992435317;1;"99,99"
349;05/06/2025;1304575;999999992651765;1;"119,99"
349;05/06/2025;1304575;999999992651766;1;"119,99"
349;05/06/2025;1304575;999999992651767;1;"119,99"
224;04/06/2025;1303627;999999992091553;1;"79,99"
127;04/06/2025;1303515;999999992573769;1;"59,99"
127;05/06/2025;1304336;999999992588280;1;"199,99"
127;05/06/2025;1304341;999999992105454;1;"49,99"
127;05/06/2025;1304341;999999992313215;1;"169,99"
127;05/06/2025;1304341;999999992524384;1;"79,99"
127;05/06/2025;1304340;999999992535348;1;"249,99"
127;05/06/2025;1304340;999999991999132;1;"299,99"
127;05/06/2025;1304340;999999992069699;1;"99,99"
127;05/06/2025;1304340;999999992368424;1;"69,99"
127;05/06/2025;1304340;999999992452668;1;"79,99"
127;05/06/2025;1304340;999999992460669;1;"279,99"
127;05/06/2025;1304340;999999992466271;1;"499,99"
127;05/06/2025;1304340;999999992541917;1;"199,99"
124;05/06/2025;1304372;999999992630051;1;"179,99"
124;05/06/2025;1304372;999999992349791;1;"59,99"
022;06/06/2025;1304958;999999992309348;1;"99,99"
001;02/06/2025;1302837;999999992568153;1;"99,99"
001;02/06/2025;1302837;999999992549883;1;"239,99"
001;02/06/2025;1302837;999999992549884;1;"239,99"
003;06/06/2025;1305101;999999991307320;1;"20,99"
003;06/06/2025;1305097;999999992311790;1;"299,99"
211;02/06/2025;1302936;999999992642370;1;"219,99"
211;02/06/2025;1302936;999999991985732;1;"139,99"
211;02/06/2025;1302940;999999992591072;1;"99,99"
001;02/06/2025;1302845;999999992507278;1;"59,99"
001;02/06/2025;1302845;999999992280842;1;"29,99"
001;02/06/2025;1302845;999999992629198;1;"79,99"
211;02/06/2025;1302941;999999992640678;1;"249,99"
343;05/06/2025;1304175;999999992638728;1;"249,99"
343;05/06/2025;1304175;999999992629722;2;"179,99"
343;05/06/2025;1304175;999999992630744;1;"109,99"
343;05/06/2025;1304175;999999992524842;1;"129,99"
343;05/06/2025;1304175;999999992637484;1;"119,99"
343;05/06/2025;1304175;999999992633395;1;"219,99"
343;05/06/2025;1304175;999999992533002;1;"129,99"
343;05/06/2025;1304175;999999992652915;1;"139,99"
343;05/06/2025;1304175;999999992599627;1;"179,99"
343;05/06/2025;1304175;999999992601685;1;"149,99"
343;05/06/2025;1304175;999999992625303;1;"149,99"
343;05/06/2025;1304175;999999992638690;2;"249,99"
343;05/06/2025;1304175;999999992637210;1;"149,99"
343;05/06/2025;1304175;999999992606602;1;"349,99"
343;05/06/2025;1304175;999999991922588;1;"129,99"
343;05/06/2025;1304175;999999992637379;1;"249,99"
343;05/06/2025;1304175;999999992435081;1;"69,99"
343;05/06/2025;1304175;999999992513073;1;"89,99"
343;05/06/2025;1304175;999999992513076;1;"79,99"
343;05/06/2025;1304175;999999992524840;1;"129,99"
343;05/06/2025;1304175;999999992525007;1;"129,99"
343;05/06/2025;1304175;999999992527861;1;"109,99"
343;05/06/2025;1304175;999999992531110;1;"149,99"
343;05/06/2025;1304175;999999992531111;1;"149,99"
343;05/06/2025;1304175;999999992531890;1;"199,99"
343;05/06/2025;1304175;999999992531894;1;"149,99"
343;05/06/2025;1304175;999999992532223;1;"199,99"
343;05/06/2025;1304175;999999992533035;1;"179,99"
343;05/06/2025;1304175;999999992533037;1;"179,99"
343;05/06/2025;1304175;999999992533189;1;"179,99"
343;05/06/2025;1304175;999999992533201;1;"129,99"
343;05/06/2025;1304175;999999992573851;1;"139,99"
343;05/06/2025;1304175;999999992574091;1;"129,99"
343;05/06/2025;1304175;999999992583698;1;"169,99"
343;05/06/2025;1304175;999999992595090;1;"169,99"
343;05/06/2025;1304175;999999992596955;1;"69,99"
343;05/06/2025;1304175;999999992601258;1;"149,99"
343;05/06/2025;1304175;999999992606598;1;"349,99"
343;05/06/2025;1304175;999999992621284;1;"199,99"
343;05/06/2025;1304175;999999992629732;1;"179,99"
343;05/06/2025;1304175;999999992630378;1;"249,99"
343;05/06/2025;1304175;999999992630392;1;"199,99"
343;05/06/2025;1304175;999999992630749;1;"109,99"
343;05/06/2025;1304175;999999992630765;1;"119,99"
343;05/06/2025;1304175;999999992630769;1;"109,99"
343;05/06/2025;1304175;999999992631739;1;"99,99"
343;05/06/2025;1304175;999999992637212;1;"149,99"
343;05/06/2025;1304175;999999992637480;1;"119,99"
343;05/06/2025;1304175;999999992637489;2;"119,99"
343;05/06/2025;1304175;999999992638661;1;"179,99"
343;05/06/2025;1304175;999999992638675;1;"249,99"
343;05/06/2025;1304175;999999992638716;1;"249,99"
343;05/06/2025;1304175;999999992640095;3;"179,99"
343;05/06/2025;1304175;999999992640096;1;"179,99"
343;05/06/2025;1304175;999999992655565;1;"249,99"
343;05/06/2025;1304175;999999992658570;1;"179,99"
343;05/06/2025;1304175;999999992660453;1;"159,99"
124;04/06/2025;1303547;999999992524893;1;"199,99"
124;04/06/2025;1303556;999999992638559;1;"399,99"
124;05/06/2025;1304367;999999992124068;1;"129,99"
124;05/06/2025;1304367;999999992591762;1;"199,99"
124;05/06/2025;1304367;999999992538975;1;"129,99"
124;05/06/2025;1304367;999999992553250;1;"149,99"
124;05/06/2025;1304367;999999992573424;1;"149,99"
003;02/06/2025;1302828;999999992496294;1;"59,99"
003;02/06/2025;1302828;999999992596096;2;"69,99"
003;02/06/2025;1302828;999999992642809;1;"89,99"
004;02/06/2025;1302891;999999992499171;1;"109,99"
004;02/06/2025;1302886;999999992643417;1;"149,99"
367;05/06/2025;1304512;999999992655923;1;"999,99"
022;06/06/2025;1304978;999999992437040;1;"34,99"
022;06/06/2025;1304978;999999992025113;1;"39,99"
022;06/06/2025;1304978;999999992594680;1;"29,99"
001;02/06/2025;1302841;999999992553706;1;"79,99"
001;02/06/2025;1302841;999999992647907;1;"119,99"
001;02/06/2025;1302841;999999992647851;1;"89,99"
430;05/06/2025;1304679;999999992617117;1;"419,99"
430;05/06/2025;1304679;999999992645006;1;
430;05/06/2025;1304679;999999992651422;1;"349,99"
367;06/06/2025;1304855;999999992527670;1;"269,99"
367;06/06/2025;1304855;999999992666957;1;"289,99"
367;06/06/2025;1304855;999999992665018;1;"249,99"
367;06/06/2025;1304855;999999992292742;2;"399,99"
367;06/06/2025;1304855;999999992646826;1;"299,99"
367;06/06/2025;1304855;999999992647664;1;"199,99"
367;06/06/2025;1304855;999999992647665;1;"199,99"
367;06/06/2025;1304859;999999992669234;1;"329,99"
367;06/06/2025;1304859;999999992666963;1;"269,99"
367;06/06/2025;1304859;999999992638921;1;"249,99"
367;06/06/2025;1304859;999999992638931;1;"329,99"
367;06/06/2025;1304859;999999992527736;1;"299,99"
367;06/06/2025;1304859;999999992527737;1;"299,99"
367;06/06/2025;1304859;999999992581615;1;"149,99"
367;06/06/2025;1304859;999999992665122;1;"209,99"
068;04/06/2025;1304024;999999992642408;1;"189,99"
068;04/06/2025;1304024;999999992642411;3;"189,99"
068;04/06/2025;1304024;999999992642423;1;"189,99"
068;04/06/2025;1304024;999999992642424;2;"189,99"
068;04/06/2025;1304024;999999992642426;2;"189,99"
367;06/06/2025;1304868;999999992533044;1;"149,99"
367;06/06/2025;1304868;999999992506965;1;"79,99"
349;06/06/2025;1305008;999999992623344;1;"549,99"
343;05/06/2025;1304174;999999992653600;1;"399,99"
343;05/06/2025;1304174;999999992570126;1;"229,99"
343;05/06/2025;1304174;999999992644099;3;"399,99"
343;05/06/2025;1304174;999999992644098;1;"399,99"
343;05/06/2025;1304174;999999992638747;1;"349,99"
343;05/06/2025;1304174;999999992570134;1;"199,99"
343;05/06/2025;1304174;999999992532473;2;"279,99"
343;05/06/2025;1304174;999999992532474;1;"279,99"
343;05/06/2025;1304174;999999992532929;1;"329,99"
343;05/06/2025;1304174;999999992637401;1;"369,99"
343;05/06/2025;1304174;999999992637399;1;"369,99"
343;05/06/2025;1304174;999999992637398;1;"369,99"
343;05/06/2025;1304174;999999992637397;1;"369,99"
343;05/06/2025;1304174;999999992371681;1;"169,99"
343;05/06/2025;1304174;999999992496176;1;"69,99"
343;05/06/2025;1304174;999999992528315;1;"199,99"
343;05/06/2025;1304174;999999992532471;1;"279,99"
343;05/06/2025;1304174;999999992532477;1;"199,99"
349;06/06/2025;1304999;999999992625031;1;"109,99"
349;06/06/2025;1304999;999999992599773;1;"129,99"
349;06/06/2025;1304999;999999992516304;1;"199,99"
003;06/06/2025;1305096;999999991968580;1;"144,99"
003;06/06/2025;1305096;999999992661310;1;"199,99"
117;02/06/2025;1302988;999999991859147;1;"49,99"
117;02/06/2025;1302988;999999992575833;1;"399,99"
117;02/06/2025;1302988;999999992596468;1;"279,99"
306;04/06/2025;1303843;999999992494416;-1;"7,99"
306;04/06/2025;1303843;999999992494417;-1;"7,99"
367;06/06/2025;1304858;999999992596954;1;"69,99"
367;06/06/2025;1304858;999999992669232;1;"189,99"
367;06/06/2025;1304858;999999992524921;1;"149,99"
367;06/06/2025;1304858;999999992652922;1;"139,99"
367;06/06/2025;1304858;999999992633410;1;"219,99"
367;06/06/2025;1304858;999999992574146;1;"129,99"
367;06/06/2025;1304858;999999992533200;1;"129,99"
367;06/06/2025;1304858;999999992637218;1;"149,99"
367;06/06/2025;1304858;999999992637216;1;"149,99"
367;06/06/2025;1304858;999999992622955;1;"169,99"
367;06/06/2025;1304858;999999992616786;1;"259,99"
367;06/06/2025;1304858;999999992615454;2;"99,99"
367;06/06/2025;1304858;999999992531672;1;"169,99"
367;06/06/2025;1304858;999999992661472;1;"89,99"
367;06/06/2025;1304858;999999992527102;1;"139,99"
367;06/06/2025;1304858;999999992533201;1;"129,99"
367;06/06/2025;1304858;999999992541718;1;"109,99"
367;06/06/2025;1304858;999999992573859;1;"119,99"
367;06/06/2025;1304858;999999992583768;1;"119,99"
367;06/06/2025;1304858;999999992583769;1;"119,99"
367;06/06/2025;1304858;999999992590074;1;"89,99"
367;06/06/2025;1304858;999999992590154;1;"119,99"
367;06/06/2025;1304858;999999992590204;1;"99,99"
367;06/06/2025;1304858;999999992590259;1;"89,99"
367;06/06/2025;1304858;999999992592672;2;"89,99"
367;06/06/2025;1304858;999999992600986;1;"129,99"
367;06/06/2025;1304858;999999992600998;1;"129,99"
367;06/06/2025;1304858;999999992621320;1;"229,99"
367;06/06/2025;1304858;999999992621322;2;"229,99"
367;06/06/2025;1304858;999999992628759;1;"89,99"
367;06/06/2025;1304858;999999992630385;1;"129,99"
367;06/06/2025;1304858;999999992638662;1;"179,99"
367;06/06/2025;1304858;999999992640096;1;"179,99"
367;06/06/2025;1304858;999999992652903;1;"249,99"
306;04/06/2025;1303844;999999992625019;1;"59,99"
306;04/06/2025;1303844;999999992542361;1;"179,99"
306;04/06/2025;1303844;999999992625020;1;"59,99"
349;05/06/2025;1304566;999999992479121;1;"199,99"
349;05/06/2025;1304566;999999992629959;1;"129,99"
349;05/06/2025;1304566;999999992648728;1;"149,99"
349;05/06/2025;1304566;999999992648730;1;"149,99"
004;02/06/2025;1302887;999999992642723;1;
004;02/06/2025;1302892;999999992643342;1;"179,99"
003;02/06/2025;1302833;999999992600149;1;"299,99"
003;02/06/2025;1302833;999999992457364;1;"79,99"
211;02/06/2025;1302943;999999992445647;1;"9,99"
211;02/06/2025;1302943;999999992320311;1;"14,99"
211;02/06/2025;1302943;999999992109573;1;"29,99"
211;02/06/2025;1302943;999999992358001;1;"29,99"
211;02/06/2025;1302943;999999990743171;1;"39,99"
211;02/06/2025;1302943;999999992119407;1;"3,99"
211;02/06/2025;1302943;999999992140263;1;"26,99"
211;02/06/2025;1302943;999999992140264;1;"26,99"
211;02/06/2025;1302943;999999992141926;1;"29,99"
211;02/06/2025;1302943;999999992200169;2;"26,99"
211;02/06/2025;1302943;999999992223517;1;"29,99"
211;02/06/2025;1302943;999999992512531;1;"19,99"
211;02/06/2025;1302943;999999992568873;1;"29,99"
211;02/06/2025;1302943;999999992573238;1;"9,99"
022;06/06/2025;1304994;999999992068611;1;"299,99"
022;06/06/2025;1304994;999999992534780;1;"299,99"
001;03/06/2025;1303163;999999992488366;1;"59,99"
001;03/06/2025;1303163;999999992447144;1;"59,99"
001;03/06/2025;1303163;999999992028354;1;"149,99"
001;03/06/2025;1303163;999999992621953;1;"79,99"
001;03/06/2025;1303163;999999992041350;1;"99,99"
001;03/06/2025;1303163;999999992652717;1;"109,99"
001;03/06/2025;1303163;999999992107507;2;"49,99"
001;03/06/2025;1303163;999999992576651;1;"179,99"
001;03/06/2025;1303163;999999992605584;1;"199,99"
224;04/06/2025;1303501;999999992535584;1;"249,99"
224;04/06/2025;1303501;999999992535585;1;"199,99"
224;04/06/2025;1303501;999999992599647;1;"309,99"
224;04/06/2025;1303501;999999992649359;1;"239,99"
224;04/06/2025;1303501;999999992649360;1;"239,99"
367;06/06/2025;1304514;999999992657669;1;"699,99"
367;06/06/2025;1304514;999999992025958;1;"389,99"
367;06/06/2025;1304514;999999992653371;1;"399,99"
367;06/06/2025;1304514;999999992377934;1;"79,99"
367;06/06/2025;1304514;999999992088200;1;"249,99"
367;06/06/2025;1304514;999999992360095;1;"199,99"
367;06/06/2025;1304514;999999992377921;2;"79,99"
367;06/06/2025;1304514;999999992433118;1;"29,99"
367;06/06/2025;1304514;999999992437734;1;"149,99"
367;06/06/2025;1304514;999999992441319;1;"199,99"
367;06/06/2025;1304514;999999992448144;1;"359,99"
367;06/06/2025;1304514;999999992641136;1;"259,99"
367;06/06/2025;1304514;999999992646803;1;"229,99"
367;06/06/2025;1304869;999999992424305;1;"99,99"
367;06/06/2025;1304869;999999992666950;1;"199,99"
367;06/06/2025;1304869;999999992526815;1;"129,99"
367;06/06/2025;1304869;999999992526819;1;"129,99"
367;06/06/2025;1304869;999999992527225;1;"219,99"
224;04/06/2025;1303639;999999992546526;1;"249,99"
349;05/06/2025;1304573;999999992519032;1;"149,99"
367;06/06/2025;1304873;999999992528067;1;"199,99"
367;06/06/2025;1304873;999999992648025;1;"229,99"
367;06/06/2025;1304873;999999992653653;1;"199,99"
367;06/06/2025;1304873;999999992573971;1;"119,99"
367;06/06/2025;1304873;999999992573979;1;"79,99"
367;06/06/2025;1304873;999999992648719;1;"99,99"
367;06/06/2025;1304873;999999992648721;1;"99,99"
367;06/06/2025;1304852;999999992633239;1;"399,99"
430;05/06/2025;1304690;999999992596744;2;"99,99"
430;05/06/2025;1304690;999999992651534;1;"139,99"
430;05/06/2025;1304690;999999992594663;3;"129,99"
124;05/06/2025;1304366;999999992629929;1;"1799,99"
124;05/06/2025;1304366;999999992629928;1;"1799,99"
117;03/06/2025;1303300;999999992642408;1;"189,99"
117;03/06/2025;1303300;999999992642409;1;"189,99"
117;03/06/2025;1303300;999999992642411;1;"189,99"
117;03/06/2025;1303300;999999992642413;1;"189,99"
117;03/06/2025;1303300;999999992642423;1;"189,99"
117;03/06/2025;1303300;999999992642426;1;"189,99"
117;03/06/2025;1303300;999999992642427;1;"189,99"
349;05/06/2025;1304565;999999992657411;1;"599,99"
349;05/06/2025;1304565;999999992657414;1;"599,99"
349;05/06/2025;1304565;999999992660646;1;"499,99"
003;06/06/2025;1305099;999999992659574;1;"24,99"
003;06/06/2025;1305099;999999992659573;1;"24,99"
003;06/06/2025;1305099;999999992320461;1;"9,99"
003;06/06/2025;1305099;999999992320462;1;"9,99"
003;06/06/2025;1305099;999999992320464;1;"9,99"
003;06/06/2025;1305099;999999992288633;1;"29,99"
003;06/06/2025;1305099;999999992498178;1;"19,99"
001;02/06/2025;1302854;999999992650410;1;"169,99"
001;02/06/2025;1302854;999999992038951;1;"229,99"
001;02/06/2025;1302854;999999992569562;1;"179,99"
001;02/06/2025;1302854;999999992463016;1;"399,99"
001;02/06/2025;1302854;999999992480831;1;"79,99"
001;02/06/2025;1302854;999999992607353;1;"149,99"
001;02/06/2025;1302854;999999992660615;1;"129,99"
068;04/06/2025;1303623;999999992489538;1;"99,99"
002;12/06/2025;1307113;999999991998239;1;"44,99"
002;12/06/2025;1307113;999999992600240;1;"24,99"
002;12/06/2025;1307113;999999992036560;1;"29,99"
002;12/06/2025;1307113;999999990779326;2;"9,99"
006;17/06/2025;1309002;999999992625045;1;"89,99"
413;17/06/2025;1308505;999999992441138;1;"79,99"
413;17/06/2025;1308505;999999992491974;1;"129,99"
413;17/06/2025;1308505;999999992501213;1;"129,99"
413;17/06/2025;1308505;999999992378521;1;"99,99"
356;20/06/2025;1310873;999999992459777;1;"299,99"
216;20/06/2025;1310801;999999992667823;1;"229,99"
216;20/06/2025;1310801;999999992667824;2;"229,99"
216;20/06/2025;1310801;999999992003897;1;"249,99"
216;20/06/2025;1310801;999999992003898;1;"249,99"
216;20/06/2025;1310801;999999992003900;1;"249,99"
216;20/06/2025;1310801;999999992026749;1;"229,99"
216;20/06/2025;1310801;999999992026750;1;"229,99"
216;20/06/2025;1310801;999999992531580;1;"129,99"
216;20/06/2025;1310801;999999992531582;1;"129,99"
216;20/06/2025;1310801;999999992298153;1;"169,99"
204;16/06/2025;1308418;999999992585419;1;"149,99"
404;16/06/2025;1308286;999999992365117;1;"99,99"
404;16/06/2025;1308286;999999992662140;1;"199,99"
404;16/06/2025;1308286;999999992365115;1;"99,99"
404;16/06/2025;1308286;999999992368041;1;"99,99"
404;16/06/2025;1308286;999999992419823;1;"39,99"
404;16/06/2025;1308286;999999992524494;1;"69,99"
404;16/06/2025;1308286;999999992580518;1;"599,99"
006;17/06/2025;1309001;999999992647061;1;"159,99"
006;17/06/2025;1309001;999999992573492;1;"109,99"
006;17/06/2025;1309001;999999992649823;1;"169,99"
404;16/06/2025;1308286;999999992611812;1;"199,99"
221;11/06/2025;1306881;999999992599351;1;"179,99"
302;11/06/2025;1306691;999999992632626;1;"109,99"
302;11/06/2025;1306691;999999992529761;1;"149,99"
302;11/06/2025;1306691;999999992585286;1;"129,99"
339;12/06/2025;1306963;999999992527513;1;"169,99"
339;12/06/2025;1306963;999999992621291;1;"149,99"
404;16/06/2025;1308284;999999992367782;1;"149,99"
404;16/06/2025;1308284;999999992471687;1;"189,99"
404;16/06/2025;1308284;999999992470486;1;"99,99"
404;16/06/2025;1308284;999999992652543;1;"179,99"
404;16/06/2025;1308288;999999992378634;1;"99,99"
404;16/06/2025;1308288;999999992367846;1;"199,99"
404;16/06/2025;1308288;999999992513543;1;"69,99"
006;16/06/2025;1308375;999999992441390;1;"129,99"
006;16/06/2025;1308375;999999992638037;1;"379,99"
006;16/06/2025;1308375;999999992646297;1;"199,99"
339;12/06/2025;1306975;999999992581675;1;"249,99"
339;12/06/2025;1306975;999999992518979;1;"149,99"
006;19/06/2025;1310532;999999991234185;1;50
216;20/06/2025;1310836;999999992506241;1;"99,99"
339;12/06/2025;1306965;999999992533573;1;"119,99"
339;12/06/2025;1306981;999999992491873;1;"99,99"
422;18/06/2025;1309862;999999992632032;1;"139,99"
422;18/06/2025;1309862;999999992480105;1;"69,99"
422;18/06/2025;1309862;999999992617475;1;"79,99"
339;12/06/2025;1306967;999999992465337;1;"59,99"
216;20/06/2025;1310844;999999992669755;1;"379,99"
216;20/06/2025;1310844;999999992667157;1;"389,99"
216;20/06/2025;1310844;999999992667158;1;"389,99"
006;16/06/2025;1308354;999999992660348;1;"599,99"
006;16/06/2025;1308354;999999992590616;1;"449,99"
006;16/06/2025;1308354;999999992594868;1;"199,99"
226;17/06/2025;1308954;999999992624570;1;"349,99"
413;17/06/2025;1308504;999999992649409;1;"239,99"
413;17/06/2025;1308504;999999992447962;1;"59,99"
413;17/06/2025;1308504;999999992551652;1;"199,99"
413;17/06/2025;1308504;999999992577235;1;"199,99"
413;17/06/2025;1308504;999999992661307;1;"179,99"
441;11/06/2025;1306334;999999992645107;1;"139,99"
226;17/06/2025;1308956;999999992369488;1;"124,99"
226;17/06/2025;1308956;999999992041390;1;"124,99"
226;17/06/2025;1308956;999999992504612;1;"109,99"
006;17/06/2025;1309000;999999992499181;1;"109,99"
006;17/06/2025;1309000;999999992595650;1;"109,99"
318;13/06/2025;1307362;999999992591456;1;"249,99"
318;13/06/2025;1307362;999999992658522;1;"149,99"
318;13/06/2025;1307362;999999992633224;1;"299,99"
318;13/06/2025;1307362;999999992638916;1;"399,99"
302;10/06/2025;1306268;999999992590112;1;"79,99"
302;10/06/2025;1306268;999999992531898;1;"129,99"
302;10/06/2025;1306268;999999992616785;1;"259,99"
302;10/06/2025;1306268;999999992629402;1;"89,99"
302;10/06/2025;1306268;999999992637386;1;"229,99"
302;10/06/2025;1306268;999999992660446;1;"139,99"
006;17/06/2025;1308988;999999992553896;1;"239,99"
006;17/06/2025;1308988;999999992651942;1;"299,99"
006;17/06/2025;1308988;999999992654808;1;"249,99"
006;17/06/2025;1308988;999999992651326;1;"259,99"
006;17/06/2025;1308988;999999992649452;1;"469,99"
006;17/06/2025;1308988;999999992649443;1;"369,99"
006;17/06/2025;1308988;999999992539842;1;"269,99"
006;17/06/2025;1308988;999999992349573;1;"289,99"
006;17/06/2025;1308988;999999992565043;1;"189,99"
006;17/06/2025;1308988;999999992657431;1;"289,99"
006;17/06/2025;1308987;999999991780705;1;"379,99"
006;17/06/2025;1308987;999999991780706;1;"379,99"
006;17/06/2025;1308987;999999991780707;1;"379,99"
006;17/06/2025;1308987;999999992327045;1;"279,99"
109;16/06/2025;1308392;999999992607241;2;"34,99"
109;16/06/2025;1308392;999999992489620;1;"39,99"
109;16/06/2025;1308392;999999992619080;1;"59,99"
109;16/06/2025;1308392;999999992631897;1;"49,99"
109;16/06/2025;1308405;999999992551775;1;"59,99"
109;16/06/2025;1308399;999999992306872;1;"99,99"
318;13/06/2025;1307363;999999992533053;1;"199,99"
318;13/06/2025;1307363;999999992104974;1;"199,99"
318;13/06/2025;1307363;999999992533054;1;"199,99"
318;13/06/2025;1307363;999999992581674;2;"249,99"
318;13/06/2025;1307363;999999992651760;1;"249,99"
413;17/06/2025;1308514;999999992487200;1;"99,99"
413;17/06/2025;1308514;999999992596744;1;"99,99"
413;17/06/2025;1308514;999999992651533;2;"129,99"
413;17/06/2025;1308514;999999992526835;1;"149,99"
413;17/06/2025;1308514;999999992594663;1;"129,99"
006;17/06/2025;1308998;999999992655142;1;"279,99"
006;17/06/2025;1308998;999999992655156;1;"269,99"
226;17/06/2025;1308965;999999992564689;1;"0,01"
226;17/06/2025;1308965;999999992564691;1;"0,01"
226;17/06/2025;1308965;999999992564690;4;"0,01"
109;17/06/2025;1308404;999999992500046;1;"29,99"
109;17/06/2025;1308404;999999992482673;1;"59,99"
109;17/06/2025;1308404;999999992500061;1;"59,99"
006;17/06/2025;1308996;999999991985748;1;"119,99"
006;17/06/2025;1308996;999999992580974;1;"79,99"
006;17/06/2025;1308996;999999992595104;1;"139,99"
006;17/06/2025;1308996;999999992642962;1;"279,99"
226;17/06/2025;1309194;999999992159021;1;"9,99"
226;17/06/2025;1309194;999999992634632;1;"149,99"
226;17/06/2025;1309194;999999992027558;1;"149,99"
226;17/06/2025;1309194;999999992575480;1;"39,99"
226;17/06/2025;1309194;999999992575481;1;"39,99"
226;17/06/2025;1309194;999999992575483;2;"39,99"
226;17/06/2025;1309194;999999992445647;1;"9,99"
226;17/06/2025;1309194;999999991805647;1;"149,99"
228;18/06/2025;1309704;999999992632727;1;"69,99"
109;17/06/2025;1308404;999999992641945;1;"199,99"
226;17/06/2025;1308964;999999992625280;1;"249,99"
009;13/06/2025;1307763;999999992667436;1;"29,99"
009;13/06/2025;1307763;999999992345365;1;"39,99"
009;13/06/2025;1307763;999999991504736;2;"9,99"
009;13/06/2025;1307763;999999990614492;1;"39,99"
009;13/06/2025;1307763;999999991837101;1;"149,99"
009;13/06/2025;1307763;999999992526230;1;"49,99"
009;13/06/2025;1307763;999999992529814;1;"79,99"
009;13/06/2025;1307763;999999990744496;1;"39,99"
009;13/06/2025;1307763;999999992575490;1;"59,99"
009;13/06/2025;1307763;999999990743170;1;"39,99"
009;13/06/2025;1307763;999999990743171;1;"39,99"
009;13/06/2025;1307763;999999991805646;1;"149,99"
009;13/06/2025;1307763;999999990743202;1;"19,99"
006;19/06/2025;1310463;999999992662175;1;"269,99"
006;19/06/2025;1310463;999999992233002;1;"159,99"
006;19/06/2025;1310463;999999992342897;1;"169,99"
006;19/06/2025;1310463;999999992448704;1;"199,99"
006;19/06/2025;1310463;999999992463679;1;"129,99"
006;19/06/2025;1310463;999999992597766;1;"109,99"
006;19/06/2025;1310463;999999992610384;1;"279,99"
006;19/06/2025;1310463;999999992648377;1;"269,99"
006;19/06/2025;1310463;999999992658829;1;"249,99"
006;19/06/2025;1310448;999999992549837;1;"129,99"
006;19/06/2025;1310462;999999992625195;1;"119,99"
006;19/06/2025;1310462;999999992629311;1;"89,99"
006;19/06/2025;1310458;999999992596128;1;"99,99"
006;19/06/2025;1310455;999999992629209;1;"59,99"
006;19/06/2025;1310455;999999992621147;1;"39,99"
006;19/06/2025;1310455;999999992629232;1;"69,99"
006;19/06/2025;1310455;999999992629237;1;"69,99"
431;09/06/2025;1305632;999999992574512;1;"69,99"
431;09/06/2025;1305632;999999992431030;1;"9,99"
431;09/06/2025;1305632;999999992482710;1;"39,99"
431;09/06/2025;1305632;999999992528515;1;"39,99"
017;11/06/2025;1306716;999999992544002;1;"129,99"
017;11/06/2025;1306716;999999992544004;1;"129,99"
318;13/06/2025;1307369;999999992533456;1;"149,99"
318;13/06/2025;1307354;999999992572966;1;"179,99"
318;13/06/2025;1307354;999999992668110;1;"139,99"
339;12/06/2025;1306970;999999992586424;1;"299,99"
339;12/06/2025;1306970;999999992576139;1;"239,99"
339;12/06/2025;1306970;999999992638921;1;"249,99"
339;12/06/2025;1306970;999999992437049;2;"239,99"
339;12/06/2025;1306970;999999992527732;1;"199,99"
339;12/06/2025;1306970;999999992527733;1;"199,99"
339;12/06/2025;1306970;999999992532783;2;"299,99"
339;12/06/2025;1306968;999999992653600;1;"399,99"
339;12/06/2025;1306968;999999992644098;1;"399,99"
339;12/06/2025;1306968;999999992644097;1;"399,99"
339;12/06/2025;1306968;999999992532473;1;"279,99"
339;12/06/2025;1306968;999999992644725;1;"319,99"
339;12/06/2025;1306968;999999992670276;1;"399,99"
339;12/06/2025;1306968;999999992637400;1;"369,99"
339;12/06/2025;1306968;999999992637399;3;"369,99"
339;12/06/2025;1306968;999999992644099;5;"399,99"
216;20/06/2025;1310827;999999992635940;1;"299,99"
216;20/06/2025;1310827;999999992659399;1;"399,99"
216;20/06/2025;1310827;999999992571304;1;"449,99"
216;20/06/2025;1310827;999999992664683;1;"399,99"
302;10/06/2025;1306548;999999992622962;1;"259,99"
302;10/06/2025;1306548;999999992348368;1;"179,99"
302;10/06/2025;1306264;999999992638391;1;"129,99"
302;10/06/2025;1306264;999999992629970;2;"99,99"
302;10/06/2025;1306264;999999992663998;1;"179,99"
339;12/06/2025;1306964;999999992341356;1;"119,99"
339;12/06/2025;1306964;999999992532684;1;"159,99"
339;12/06/2025;1306964;999999992624298;1;"149,99"
339;12/06/2025;1306964;999999992651116;1;"89,99"
228;18/06/2025;1309705;999999992447509;1;"179,99"
228;18/06/2025;1309705;999999992503679;1;"59,99"
228;18/06/2025;1309705;999999992517844;1;"149,99"
228;18/06/2025;1309705;999999992622697;1;"149,99"
006;18/06/2025;1309902;999999992306795;1;"129,99"
006;18/06/2025;1309902;999999992545000;1;"329,99"
006;18/06/2025;1309886;999999992532894;1;"399,99"
006;18/06/2025;1309886;999999992347619;1;"179,99"
006;18/06/2025;1309887;999999992531895;1;"199,99"
006;18/06/2025;1309887;999999992521797;1;"199,99"
006;18/06/2025;1309887;999999992566055;1;"149,99"
006;18/06/2025;1309887;999999992589607;1;"159,99"
006;18/06/2025;1309887;999999992610337;1;"229,99"
006;18/06/2025;1309887;999999992645255;1;"179,99"
006;18/06/2025;1309887;999999992651243;1;"399,99"
003;09/06/2025;1305624;999999992651964;1;"169,99"
003;09/06/2025;1305624;999999992616770;1;"99,99"
003;09/06/2025;1305626;999999992605579;1;
003;09/06/2025;1305627;999999992057282;1;"49,99"
003;09/06/2025;1305627;999999992270672;1;"19,99"
003;09/06/2025;1305611;999999992372280;1;"189,99"
003;09/06/2025;1305611;999999992564253;1;"189,99"
003;09/06/2025;1305611;999999992094443;1;"289,99"
003;09/06/2025;1305611;999999992544208;1;"299,99"
003;09/06/2025;1305611;999999992548501;1;"229,99"
003;09/06/2025;1305611;999999992551523;1;"119,99"
003;09/06/2025;1305611;999999992564199;1;"179,99"
006;16/06/2025;1308363;999999992601196;1;"349,99"
226;17/06/2025;1308955;999999992621953;1;"79,99"
226;17/06/2025;1308955;999999992079114;2;"134,99"
226;17/06/2025;1308955;999999992622162;1;"189,99"
302;10/06/2025;1306263;999999992651771;1;"119,99"
302;10/06/2025;1306263;999999992651773;1;"119,99"
302;10/06/2025;1306263;999999992651774;1;"119,99"
302;10/06/2025;1306273;999999992528016;2;"499,99"
302;10/06/2025;1306273;999999992633220;2;"299,99"
302;10/06/2025;1306273;999999992633226;2;"299,99"
302;10/06/2025;1306273;999999992658495;1;"149,99"
302;10/06/2025;1306284;999999992621280;1;"159,99"
017;11/06/2025;1306720;999999992651243;1;"399,99"
017;11/06/2025;1306720;999999992532747;1;"159,99"
017;11/06/2025;1306720;999999992635530;1;"349,99"
017;11/06/2025;1306720;999999992651241;1;"399,99"
441;11/06/2025;1306332;999999992541948;1;"289,99"
441;11/06/2025;1306332;999999992542117;1;"199,99"
441;11/06/2025;1306340;999999992512550;1;"69,99"
441;11/06/2025;1306340;999999992617594;2;"49,99"
441;11/06/2025;1306340;999999992616370;1;"99,99"
002;12/06/2025;1307098;999999992009030;1;"69,99"
002;12/06/2025;1307098;999999992309509;1;"49,99"
002;12/06/2025;1307098;999999992462040;1;"249,99"
002;12/06/2025;1307098;999999992522241;1;"299,99"
302;11/06/2025;1306676;999999992586466;1;"124,99"
302;11/06/2025;1306676;999999992622065;1;"59,99"
436;17/06/2025;1309393;999999992424703;1;"19,99"
302;11/06/2025;1306674;999999992503600;1;"359,99"
302;11/06/2025;1306674;999999992588633;1;"199,99"
302;11/06/2025;1306674;999999992590279;1;"369,99"
302;11/06/2025;1306674;999999992605584;1;"199,99"
302;11/06/2025;1306674;999999992622341;1;"349,99"
302;11/06/2025;1306674;999999992642187;1;"369,99"
302;11/06/2025;1306674;999999992642188;1;"369,99"
302;11/06/2025;1306674;999999992644990;1;"279,99"
347;17/06/2025;1309033;999999992652545;1;"179,99"
347;17/06/2025;1309041;999999991267593;1;"229,99"
347;17/06/2025;1309036;999999992365115;1;"99,99"
347;17/06/2025;1309036;999999992377915;1;"79,99"
347;17/06/2025;1309036;999999992500643;1;"299,99"
109;16/06/2025;1308403;999999992289242;1;"9,99"
221;11/06/2025;1306868;999999992141032;1;"9,99"
221;11/06/2025;1306876;999999992544912;1;"59,99"
125;10/06/2025;1306321;999999992649075;1;"19,99"
125;10/06/2025;1306321;999999991504736;1;"9,99"
125;10/06/2025;1306321;999999992363463;1;"29,99"
204;16/06/2025;1308264;999999991805647;1;"149,99"
204;16/06/2025;1308264;999999992328840;1;"12,99"
204;16/06/2025;1308264;999999992483937;1;"29,99"
204;16/06/2025;1308264;999999992177953;1;"29,99"
204;16/06/2025;1308264;999999992177958;5;"29,99"
204;16/06/2025;1308264;999999992085256;2;"29,99"
204;16/06/2025;1308264;999999991856234;1;"149,99"
204;16/06/2025;1308264;999999992158797;1;"7,99"
204;16/06/2025;1308264;999999992202726;1;"29,99"
204;16/06/2025;1308264;999999992237845;1;"19,99"
204;16/06/2025;1308264;999999992242557;1;"7,99"
441;11/06/2025;1306342;999999992499874;1;"69,99"
441;11/06/2025;1306342;999999992659110;1;"149,99"
441;11/06/2025;1306345;999999992498785;1;"99,99"
441;11/06/2025;1306345;999999992583159;1;"249,99"
441;11/06/2025;1306345;999999992645627;1;"259,99"
441;11/06/2025;1306345;999999992655600;1;"249,99"
125;10/06/2025;1306195;999999992539888;1;"169,99"
125;10/06/2025;1306195;999999992564208;1;"179,99"
441;11/06/2025;1306344;999999992537720;1;"69,99"
441;11/06/2025;1306344;999999992617564;1;"39,99"
441;11/06/2025;1306344;999999992537719;1;"69,99"
441;11/06/2025;1306344;999999992583526;1;"69,99"
441;11/06/2025;1306341;999999992533693;1;"79,99"
441;11/06/2025;1306341;999999992645573;1;"79,99"
441;11/06/2025;1306341;999999992594034;1;"99,99"
227;10/06/2025;1306170;999999992531901;1;"199,99"
227;10/06/2025;1306170;999999992558841;1;"369,99"
227;10/06/2025;1306170;999999992574032;1;"139,99"
227;10/06/2025;1306170;999999992605914;1;"79,99"
302;11/06/2025;1306675;999999992621932;2;"79,99"
302;11/06/2025;1306675;999999992642183;1;"149,99"
302;11/06/2025;1306675;999999992488368;1;"59,99"
017;11/06/2025;1306713;999999992491861;1;"59,99"
017;11/06/2025;1306713;999999992072374;1;"399,99"
017;11/06/2025;1306719;999999992532901;1;"399,99"
017;11/06/2025;1306719;999999992438561;1;"279,99"
017;11/06/2025;1306719;999999992664696;1;"399,99"
017;11/06/2025;1306719;999999992532884;1;"399,99"
017;11/06/2025;1306739;999999991996735;1;"119,99"
009;13/06/2025;1307642;999999992622701;1;"189,99"
009;13/06/2025;1307642;999999992479203;1;"149,99"
009;13/06/2025;1307642;999999992624974;1;"39,99"
302;11/06/2025;1306675;999999992642154;1;"149,99"
302;11/06/2025;1306675;999999992642175;1;"189,99"
302;11/06/2025;1306675;999999992643491;1;"169,99"
006;16/06/2025;1308356;999999992631515;1;"499,99"
109;16/06/2025;1308688;999999992615032;1;"149,99"
109;16/06/2025;1308688;999999992578458;1;"89,99"
436;17/06/2025;1309391;999999992482641;1;"39,99"
436;17/06/2025;1309391;999999992490335;1;"79,99"
228;18/06/2025;1309703;999999992573777;1;"59,99"
017;11/06/2025;1307056;999999992579179;1;"799,99"
017;11/06/2025;1307056;999999992595047;1;"599,99"
436;17/06/2025;1309394;999999992562549;1;"59,99"
006;18/06/2025;1309881;999999992587183;1;"219,99"
006;18/06/2025;1309876;999999992606567;1;"179,99"
339;13/06/2025;1307525;999999992446018;1;"249,99"
339;13/06/2025;1307526;999999992621952;1;"79,99"
339;13/06/2025;1307527;999999992586466;1;"124,99"
339;13/06/2025;1307527;999999992621978;1;"69,99"
339;13/06/2025;1307837;999999992339369;1;"179,99"
339;13/06/2025;1307837;999999992610484;1;"169,99"
339;13/06/2025;1307837;999999992638408;1;"199,99"
339;13/06/2025;1307837;999999992638407;1;"179,99"
339;13/06/2025;1307837;999999992125386;4;"36,99"
339;13/06/2025;1307837;999999992462667;1;"159,99"
318;13/06/2025;1307373;999999992648719;1;"99,99"
318;13/06/2025;1307373;999999992000207;1;"199,99"
318;13/06/2025;1307373;999999992528070;-1;"199,99"
422;18/06/2025;1309858;999999992662820;1;"199,99"
422;18/06/2025;1309858;999999992655544;1;"129,99"
422;18/06/2025;1309858;999999992565681;3;"39,99"
422;18/06/2025;1309858;999999992662760;1;"149,99"
002;12/06/2025;1307100;999999992591678;1;"169,99"
002;12/06/2025;1307100;999999992105477;1;"39,99"
002;12/06/2025;1307100;999999992279639;1;"29,99"
002;12/06/2025;1307100;999999992440008;1;"69,99"
002;12/06/2025;1307100;999999992577026;1;"449,99"
002;12/06/2025;1307100;999999992664083;1;"139,99"
017;11/06/2025;1306712;999999992594343;1;"109,99"
017;11/06/2025;1306712;999999992606587;1;"279,99"
436;17/06/2025;1309397;999999992471782;1;"79,99"
436;17/06/2025;1309397;999999992644466;1;"249,99"
436;17/06/2025;1309397;999999992109587;1;"129,99"
436;17/06/2025;1309397;999999992335110;1;"39,99"
436;17/06/2025;1309397;999999992451218;1;"99,99"
436;17/06/2025;1309397;999999992451704;1;"149,99"
436;17/06/2025;1309397;999999992471626;1;"119,99"
436;17/06/2025;1309397;999999992472872;1;"129,99"
436;17/06/2025;1309397;999999992509376;1;"69,99"
436;17/06/2025;1309397;999999992576802;1;"159,99"
006;18/06/2025;1310128;999999991968497;1;"119,99"
006;18/06/2025;1310128;999999992042728;1;"149,99"
006;18/06/2025;1310128;999999992650027;1;"189,99"
006;18/06/2025;1310128;999999992588341;1;"189,99"
006;18/06/2025;1310128;999999992551874;1;"99,99"
125;10/06/2025;1306208;999999991804136;1;"129,99"
006;18/06/2025;1310128;999999992624866;1;"579,99"
017;11/06/2025;1306717;999999992020384;1;"129,99"
441;11/06/2025;1306336;999999992655535;1;"129,99"
441;11/06/2025;1306336;999999992574988;1;"149,99"
201;09/06/2025;1305641;999999992638798;1;"159,99"
201;09/06/2025;1305645;999999992646813;1;"199,99"
339;12/06/2025;1306969;999999992651111;1;"99,99"
339;12/06/2025;1306969;999999992621437;1;"149,99"
339;12/06/2025;1306969;999999992524840;1;"129,99"
339;12/06/2025;1306969;999999992533004;1;"129,99"
339;12/06/2025;1306969;999999992346735;1;"129,99"
339;12/06/2025;1306969;999999992652923;2;"139,99"
339;12/06/2025;1306969;999999992652915;2;"139,99"
339;12/06/2025;1306969;999999992637219;1;"149,99"
339;12/06/2025;1306969;999999992486230;1;"229,99"
339;12/06/2025;1306969;999999992637379;1;"249,99"
339;12/06/2025;1306969;999999992647678;1;"119,99"
339;12/06/2025;1306969;999999992661382;1;"259,99"
439;12/06/2025;1307196;999999992499236;1;"299,99"
439;12/06/2025;1307196;999999992588949;1;"199,99"
318;13/06/2025;1307350;999999992635938;1;"299,99"
002;12/06/2025;1307104;999999992571286;1;"299,99"
422;18/06/2025;1309854;999999992550582;1;"249,99"
422;18/06/2025;1309867;999999992553216;1;"189,99"
422;18/06/2025;1309867;999999991811956;1;"99,99"
422;18/06/2025;1309867;999999992658503;1;"199,99"
422;18/06/2025;1309867;999999992658500;1;"199,99"
422;18/06/2025;1309867;999999992592017;1;"79,99"
064;10/06/2025;1305923;999999992567351;1;"39,99"
064;10/06/2025;1305923;999999992456282;1;"14,99"
064;10/06/2025;1305923;999999990892703;1;"9,99"
064;10/06/2025;1305923;999999991738159;1;"14,99"
436;17/06/2025;1309387;999999992256926;1;"159,99"
422;18/06/2025;1309867;999999992643296;1;"169,9"
422;18/06/2025;1309867;999999992660680;1;"199,99"
422;18/06/2025;1309867;999999992592014;1;"79,99"
422;18/06/2025;1309867;999999992611993;1;"69,99"
006;18/06/2025;1309906;999999991943989;1;"14,99"
006;18/06/2025;1309906;999999992320311;1;"14,99"
006;18/06/2025;1309906;999999991998239;3;"44,99"
006;18/06/2025;1309906;999999992072017;1;"39,99"
006;18/06/2025;1309906;999999990779359;2;"9,99"
006;18/06/2025;1309906;999999992575481;1;"39,99"
006;18/06/2025;1309906;999999992320462;2;"9,99"
006;18/06/2025;1309906;999999992102867;1;"49,99"
006;18/06/2025;1309906;999999991798305;1;"2,99"
006;18/06/2025;1309906;999999992025113;1;"39,99"
006;18/06/2025;1309906;999999992575490;1;"59,99"
006;18/06/2025;1309906;999999992025114;1;"39,99"
006;18/06/2025;1309906;999999992574480;1;"39,99"
006;18/06/2025;1309906;999999991667322;1;"24,99"
006;18/06/2025;1309906;999999991856233;1;"149,99"
006;18/06/2025;1309906;999999991801932;1;"39,99"
006;18/06/2025;1309906;999999991801933;1;"39,99"
006;18/06/2025;1309906;999999991893069;1;"39,99"
006;18/06/2025;1309906;999999991801935;5;"39,99"
006;18/06/2025;1309906;999999991501895;3;"9,99"
006;18/06/2025;1309906;999999992507580;1;"12,99"
006;18/06/2025;1309906;999999992328839;1;"12,99"
006;18/06/2025;1309906;999999990892703;1;"9,99"
006;18/06/2025;1309906;999999992573658;2;"34,99"
006;18/06/2025;1309906;999999991805646;1;"149,99"
006;18/06/2025;1309906;999999991213083;1;"0,99"
006;18/06/2025;1309906;999999991868252;1;"19,99"
006;18/06/2025;1309906;999999992320463;1;"9,99"
006;18/06/2025;1309906;999999992544148;1;"24,99"
006;18/06/2025;1309906;999999992586257;1;"16,99"
431;09/06/2025;1305631;999999992423412;2;"9,99"
431;09/06/2025;1305631;999999992423241;1;"19,99"
431;09/06/2025;1305631;999999992415963;1;"9,99"
431;09/06/2025;1305631;999999992418891;1;"9,99"
431;09/06/2025;1305631;999999992424100;1;"19,99"
431;09/06/2025;1305631;999999992434262;1;"9,99"
431;09/06/2025;1305631;999999992434799;1;"19,99"
431;09/06/2025;1305631;999999992436350;1;"9,99"
431;09/06/2025;1305631;999999992436354;1;"9,99"
431;09/06/2025;1305631;999999992514086;1;"39,99"
006;18/06/2025;1309917;999999992589707;1;"199,99"
228;18/06/2025;1309705;999999992328008;1;"99,99"
228;18/06/2025;1309677;999999992584272;1;"409,99"
228;18/06/2025;1309699;999999992296476;1;"19,99"
228;18/06/2025;1309695;999999992624326;1;"119,99"
339;12/06/2025;1306966;999999992661777;1;"259,99"
339;12/06/2025;1306966;999999992664983;1;"249,99"
339;12/06/2025;1306966;999999992532546;1;"249,99"
339;12/06/2025;1306985;999999992532662;1;"99,99"
302;10/06/2025;1306274;999999992530115;1;"149,99"
302;10/06/2025;1306274;999999992621276;1;"219,99"
404;16/06/2025;1308285;999999992629356;1;"399,99"
404;16/06/2025;1308285;999999992421147;1;"49,99"
404;16/06/2025;1308285;999999992470705;1;"149,99"
404;16/06/2025;1308285;999999992573005;1;"199,99"
422;18/06/2025;1309864;999999992319280;1;"139,99"
422;18/06/2025;1309864;999999992652634;1;"129,99"
422;18/06/2025;1309866;999999992617572;1;"49,99"
422;18/06/2025;1309866;999999992617563;1;"39,99"
006;16/06/2025;1308369;999999992108760;1;"279,99"
003;09/06/2025;1305620;999999992578063;1;"239,99"
003;09/06/2025;1305620;999999992589994;1;"159,99"
003;09/06/2025;1305620;999999992623522;1;"199,99"
003;09/06/2025;1305620;999999992629478;1;"199,99"
003;09/06/2025;1305620;999999992632235;1;"159,99"
003;09/06/2025;1305620;999999992642968;1;"249,99"
228;18/06/2025;1309700;999999992276761;1;"249,99"
228;18/06/2025;1309700;999999992459181;1;"199,99"
339;12/06/2025;1306974;999999992660649;1;"499,99"
339;12/06/2025;1306974;999999992660648;1;"499,99"
339;12/06/2025;1306974;999999992641016;1;"199,99"
339;12/06/2025;1306974;999999992584568;1;"339,99"
339;12/06/2025;1306974;999999992666583;1;"399,99"
339;12/06/2025;1306974;999999992666584;1;"399,99"
006;19/06/2025;1310447;999999992608164;1;"199,99"
006;19/06/2025;1310450;999999992645369;1;"399,99"
006;19/06/2025;1310450;999999992652488;1;"399,99"
064;12/06/2025;1307231;999999992550796;1;"79,99"
009;13/06/2025;1307644;999999992276246;1;"199,99"
009;13/06/2025;1307644;999999992545852;1;"129,99"
009;13/06/2025;1307644;999999992597744;1;"109,99"
009;13/06/2025;1307644;999999992620956;1;"99,99"
125;09/06/2025;1305784;999999992652683;1;"449,99"
125;09/06/2025;1305783;999999992580408;1;"399,99"
216;20/06/2025;1310826;999999992630050;2;"299,99"
216;20/06/2025;1310826;999999992626179;1;"369,99"
216;20/06/2025;1310826;999999992651362;2;"299,99"
216;20/06/2025;1310826;999999992634714;1;"259,99"
216;20/06/2025;1310826;999999992638390;2;"179,99"
216;20/06/2025;1310826;999999992122011;1;"19,99"
216;20/06/2025;1310826;999999992122010;1;"19,99"
216;20/06/2025;1310826;999999992121991;2;"19,99"
216;20/06/2025;1310826;999999992121990;5;"19,99"
216;20/06/2025;1310826;999999992121997;7;"19,99"
216;20/06/2025;1310826;999999992513519;1;"299,99"
216;20/06/2025;1310826;999999992637158;1;"274,99"
216;20/06/2025;1310826;999999992630006;3;"299,99"
216;20/06/2025;1310826;999999992125885;1;"19,99"
216;20/06/2025;1310826;999999992344504;1;"149,99"
216;20/06/2025;1310826;999999992530199;1;"199,99"
216;20/06/2025;1310826;999999992634638;1;"279,99"
216;20/06/2025;1310826;999999992638540;1;"179,99"
436;17/06/2025;1309385;999999992045814;1;"69,99"
436;17/06/2025;1309385;999999992608765;1;"69,99"
006;17/06/2025;1308999;999999992638764;1;"219,99"
006;17/06/2025;1308999;999999992638871;1;"179,99"
302;10/06/2025;1306262;999999992438271;1;"119,99"
302;10/06/2025;1306262;999999992533138;1;"149,99"
302;10/06/2025;1306262;999999992573887;1;"99,99"
302;10/06/2025;1306262;999999992573888;1;"99,99"
302;10/06/2025;1306262;999999992621257;1;"179,99"
318;13/06/2025;1307357;999999992465026;1;"99,99"
318;13/06/2025;1307357;999999992513077;1;"79,99"
318;13/06/2025;1307357;999999992526841;1;"49,99"
347;18/06/2025;1309034;999999992470318;1;"249,99"
347;18/06/2025;1309034;999999992423279;1;"49,99"
347;18/06/2025;1309034;999999992493416;1;"169,99"
347;18/06/2025;1309034;999999992530503;1;"379,99"
347;18/06/2025;1309034;999999992579136;1;"479,99"
347;18/06/2025;1309034;999999992590755;1;"699,99"
347;18/06/2025;1309034;999999992637576;1;"549,99"
347;18/06/2025;1309034;999999992637578;1;"549,99"
318;13/06/2025;1307357;999999992583783;1;"139,99"
318;13/06/2025;1307357;999999992637218;1;"149,99"
318;13/06/2025;1307357;999999992638704;1;"129,99"
318;13/06/2025;1307351;999999992341348;1;"179,99"
302;10/06/2025;1306280;999999992435489;1;"179,99"
302;10/06/2025;1306280;999999992651764;1;"119,99"
431;09/06/2025;1305646;999999992615036;1;"149,99"
002;12/06/2025;1307111;999999992450903;1;"49,99"
002;12/06/2025;1307111;999999992347534;2;"179,99"
002;12/06/2025;1307115;999999992333710;1;"89,99"
002;12/06/2025;1307115;304372440038500;1;"47,99"
002;12/06/2025;1307115;999999990530590;1;"53,99"
125;09/06/2025;1306039;999999992474141;1;"149,99"
227;10/06/2025;1306177;999999992567482;1;"199,99"
043;18/06/2025;1309999;999999992621963;1;"79,99"
431;09/06/2025;1306131;999999992605297;1;"169,99"
431;09/06/2025;1306131;999999992487683;2;"149,99"
